contact_id,email,full_name,phone,country,address_line1,city,state,postal_code,company_name,department,job_title,attributes_json,created_at,updated_at,etl_batch_id,source_system,source_record_id,_reject_reason,_quarantine_reason
964b3e3f-3fc8-4a1f-be87-380b46008e36,mariam.kamel187yahoo.com,Mariam Kamel,01086782131,Egypt,"25 Abbasiya Tower, Nasr City",Shibin al-Kawm,Monufia,32678,Kalka Legal Consulting & Corporate Governance,Business Development,Chartered certified accountant,{},2026-06-06 00:00:00,,108b37a8-c0f9-4c3f-86a8-a349f4842569,dummyjson,dj_user_148,,malformed email
3bfb3428-24c6-40af-bafd-50b2e2002caa,salma.el-sayed479@,Salma El-Sayed,01089955531,Egypt,"19 Youssef El-Gendy Street, Bab El-Louk",Qalyub,Qalyubia,13518,,Human Resources,"Therapist, occupational",{},2026-05-26 00:00:00,,108b37a8-c0f9-4c3f-86a8-a349f4842569,dummyjson,dj_user_754,,malformed email
15bb1d1b-04c5-4940-ba84-822b54a91b17,doaa.mostafa469outlook.com,Doaa Mostafa,01164575712,Egypt,"326 Gamal Abd El-Nasser Street, Miami",Al-Kharijah,New Valley,72714,Firewall Contracting & Fire Systems,Human Resources,"Programmer, systems",{},2026-05-27 00:00:00,,108b37a8-c0f9-4c3f-86a8-a349f4842569,northwind,no_cust_1064,,malformed email
c0877dbf-125e-49bb-9f52-c3aa715284d3,alaa.mahmoud989@@northwind.local,Alaa Mahmoud,01038291673,Egypt,"93 Ahmed Orabi Street, Mohandessin",Sohag,Sohag,82721,VIP Information Technology & Security,Research and Development,IT trainer,{},2026-05-21 00:00:00,,76a67116-4c03-4f8f-8a3a-6637dcecb207,itc_crm,it_cust_71,,malformed email
b2b6e4bf-9b95-4fbb-874c-88db4752e1e9,hussein.yassin273@,Hussein  Yassin,01162681466,Egypt,"24A Ain Shams Street, Victory Square, Ain Shams",Dahab,South Sinai,46413,Egyptian Center for Corporate Responsibility,Accounting,Tourism officer,{},2026-06-04 00:00:00,,76a67116-4c03-4f8f-8a3a-6637dcecb207,itc_crm,it_cust_230,,malformed email
084ab1c4-e17a-42a5-8947-e01ac5e477ef,nadia.mostafa753@outlook,Nadia Mostafa,01146542353,Egypt,"87 El-Hagaz Street, Heliopolis",Beni Suef,Beni Suef,62692,Hamdi Okil Group - Stainless Steel,Sales,"Engineer, civil (consulting)",{},2026-05-23 00:00:00,,76a67116-4c03-4f8f-8a3a-6637dcecb207,itc_crm,it_cust_558,,malformed email
ebd1464e-cb75-45ea-a390-4ecb61bf9c1d,nader.yassin530northwind.local,Nader Yassin,01123227650,Egypt,"127 Ramses Street, Apt 7, Floor 5",Qena,Qena,11663,Al-Alamiya Group - Amal Group,Business Development,Naval architect,{},2026-05-23 00:00:00,,108b37a8-c0f9-4c3f-86a8-a349f4842569,northwind,no_cust_240,,malformed email
c60a6aa2-723f-43dc-a9c2-5e961a0d2bab,hoda.mahmoud139@,Hoda Mahmoud,01241207874,Egypt,"Mahmoud Shahin Street, off Sakat Sandup Street, Mansoura",Al-Kharijah,New Valley,72717,Al-Handawil Food Processing Group,Research and Development,Magazine journalist,{},2026-05-30 00:00:00,,108b37a8-c0f9-4c3f-86a8-a349f4842569,dummyjson,dj_user_1141,,malformed email
992a122f-3748-4e3d-bb85-2066117675a6,khaled.kamel822@gmail,Khaled Kamel,01091285522,Egypt,"145 Joahara El-Ahram Tower, Floor 1",Al-Arish,North Sinai,45212,Al-Bord International Training Group,Bsuiness Development,Chartered loss adjuster,{},2026-05-25 00:00:00,,108b37a8-c0f9-4c3f-86a8-a349f4842569,northwind,no_cust_908,,malformed email
857b6bcc-36ee-473e-aebf-df30137ebb71,hany.kamel960@northwind,Hany Kamel,01538875957,Egypt,"13 El-Mahattha Shads Street, Floor 6, Zizinia",Shibin al-Kawm,Monufia,32518,Al-Hafez Law & Legal Consulting Office,Accounting,Waste management officer,{},2026-05-27 00:00:00,,108b37a8-c0f9-4c3f-86a8-a349f4842569,northwind,no_cust_102,,malformed email
17d6a1c4-b0d6-40bc-b05f-4186905200db,nader.rashad516@hotmail,Nader Rashad,01250029818,Egypt,"23 Emmar Bin Yasir Street, Bihtem",Zefta,Gharbia,32512,Kalka Legal Consulting & Corporate Governance,business development,"Copywriter, advertising",{},2026-06-04 00:00:00,,108b37a8-c0f9-4c3f-86a8-a349f4842569,northwind,no_cust_921,,malformed email
d60b4316-3e57-4d67-b76b-6b98702c1e69,aya.sherif195@gmail,Aya Sherif,01126214777,Egypt,"Km 25.5, Alexandria-Cairo Desert Road, Merghem, El-Ameriya",Faraskur,Damietta,34697,Amin Group for Pipes & Plastic Products,marketing,Animator,{},2026-06-03 00:00:00,,108b37a8-c0f9-4c3f-86a8-a349f4842569,northwind,no_cust_658,,malformed email
b8d6cd4a-7132-42c0-b726-e4da6575b895,amr.farouk285@yahoo,Amr Farouk,01024440199,Egypt,,Shubra,Cairo,11924,Sema Sweets Group,Sales,Acting Project Manager,{},2026-06-08 00:00:00,,76a67116-4c03-4f8f-8a3a-6637dcecb207,itc_crm,it_cust_390,,malformed email
3806e7ea-d5f0-4611-91fc-dbf68dd3b685,nadia.el-sayed947@northwind,Nadia El-Sayed,01094350003,Egypt,"300A El-Haram El-Talabiya Road, El-Haram",Beni Suef,Beni Suef,62692,International & Egyptian-Saudi Boilers Group,Bsuiness Development,Cartographer,{},2026-05-21 00:00:00,,108b37a8-c0f9-4c3f-86a8-a349f4842569,northwind,no_cust_246,,malformed email
bff580d5-1e10-4296-bc55-aa65dd8b32f6,mostafa.gamal939@,Mostafa Gamal,01566088634,Egypt,"8 Ibn Marzouk Street, Saba Pasha",Akhmim,Sohag,82739,Maljiramical Import-Export & Scales,Training,"Designer, furniture",{},2026-06-04 00:00:00,,76a67116-4c03-4f8f-8a3a-6637dcecb207,itc_crm,it_cust_1311,,malformed email
ac0bb6fc-a989-4b0c-a7da-535366fb04cb,doaa.farouk492@@egypt.gov.eg,Doaa Farouk,01093638639,Egypt,"127 Ramses Street, Apt 7, Floor 5",Faraskur,Damietta,34128,Salah El-Din Commercial Services Group,marketing,Chief Strategy Officer,{},2026-05-24 00:00:00,,76a67116-4c03-4f8f-8a3a-6637dcecb207,itc_crm,it_cust_56,,malformed email
225c723f-4ed9-4956-a6f9-aa69487e5dc5,mahmoud.farouk465@outlook,Mahmoud Farouk,,Egypt,"18 Ain Shams Street, Triumph Square, Ain Shams",Shubra al-Khaymah,Qalyubia,11756,Corporate Advanced Services Center,Marekting,Health visitor,{},2026-05-25 00:00:00,,76a67116-4c03-4f8f-8a3a-6637dcecb207,itc_crm,it_cust_289,,malformed email
77e4151a-14a1-4a24-a7b9-f76d3c9a1ad1,wael.mahmoud619@@gmail.com,Wael Mahmoud,01288256819,Egypt,"172 Maarouf El-Rasafi Street, Kafr Abdu",Zefta,Gharbia,32514,Salem Mantawi Import & Supplies Group,MARKETING,Public affairs consultant,{},2026-06-01 00:00:00,,108b37a8-c0f9-4c3f-86a8-a349f4842569,dummyjson,dj_user_529,,malformed email
bef44a19-cc75-43e8-aa6e-ce77b7dc6b91,ehab.el-sayed612@,Ehab El-Sayed,01204868133,Egypt,"74  Gesr  El-Suez  Street,  Floor  9,  Heliopolis",10th of Ramadan City,Sharqia,11928,Advanced Communication Systems - DB,Legal,Occupational therapist,{},2026-05-25 00:00:00,,76a67116-4c03-4f8f-8a3a-6637dcecb207,itc_crm,it_cust_734,,malformed email
45ef8bd5-79ff-4649-9656-871b1b04030c,hany.ibrahim958@,Hany Ibrahim,01267467162,Egypt,"326 Gamal Abd El-Nasser Street, Miami",Kafr al-Shaykh,Kafr El Sheikh,11575,Nooran Real Estate Group,Training,Sr. Support Specialist,{},2026-05-20 00:00:00,,108b37a8-c0f9-4c3f-86a8-a349f4842569,northwind,no_cust_1484,,malformed email
8665e68a-5cdd-4efe-bdd8-a10be34b42d5,mona.rashad195@,Mona Rashad,01209944451,Egypt,"19 Youssef El-Gendy Street, Bab El-Louk",Alexandria,Alexandria,21562,JW Frame Networks,ACCOUNTING,Medical illustrator,{},2026-06-03 00:00:00,,76a67116-4c03-4f8f-8a3a-6637dcecb207,itc_crm,it_cust_407,,malformed email
12e06e56-79ee-4f42-bd22-f10e46465917,mariam.abdelrahman462@,Mariam Abdelrahman,01197898899,Egypt,"13 El-Mahattha Shads Street, Floor 6, Zizinia",Zefta,Gharbia,32514,Al-Baron Corporate Gifts,Business Development,Health physicist,{},2026-06-09 00:00:00,,76a67116-4c03-4f8f-8a3a-6637dcecb207,itc_crm,it_cust_831,,malformed email
021124a4-3159-41b7-87f9-130662793b88,ehab.mansour872@outlook,Ehab Mansour,01192040959,Egypt,"18B City of Merchants, El-Moqattam",Luxor,,85861,Al-Ameen Pipes & Plastic Group,Business Development,"Runner, broadcasting/film/video",{},2026-05-20 00:00:00,,108b37a8-c0f9-4c3f-86a8-a349f4842569,dummyjson,dj_user_372,,malformed email
cfd9b98c-5e86-4a72-a214-00a33bc2d54a,hoda.rashad538@gmail,Hoda Rashad,01048006790,Egypt,"13 Km, Cairo-Alexandria Agricultural Road, Meet Halfa, Qalyub",Sadat City,Monufia,,Techno Build Software Solutions,Business Development,"Therapist, art",{},2026-06-01 00:00:00,,108b37a8-c0f9-4c3f-86a8-a349f4842569,dummyjson,dj_user_217,,malformed email
2e35c5f8-62a6-4fce-ab5a-7cc6b9a5d257,aya.yassin276@gmail,Aya Yassin,01245156286,Egypt,"21 Egypt-Helwan Agricultural Road, Maadi Corniche",Kafr al-Shaykh,Kafr El Sheikh,11924,Salah El-Din Commercial Services Group,Marketing,Logistics and distribution manager,{},2026-05-21 00:00:00,,108b37a8-c0f9-4c3f-86a8-a349f4842569,northwind,no_cust_595,,malformed email
2c42b796-8d0c-4fc8-9b63-f60d2d641744,sami.yassin344@,Sami Yassin,01293619924,Egypt,"29 Martyrs College Apartments, Nasr City",Mansoura,Dakahlia,34697,BECO Engineering Group,marketing,Restaurant manager,{},2026-05-20 00:00:00,,76a67116-4c03-4f8f-8a3a-6637dcecb207,itc_crm,it_cust_191,,malformed email
727ef431-ee93-4d64-a4d8-dc8f76dd6710,mostafa.kamel421northwind.local,Mostafa Kamel,01022347380,Egypt,"145 Johara El-Ahram Tower, Floor 1, El-Haram",Hurghada,Red Sea,84723,Al-Basmala Group,ACCOUNTING,Academic librarian,{},2026-06-09 00:00:00,,108b37a8-c0f9-4c3f-86a8-a349f4842569,northwind,no_cust_790,,malformed email
5eda00fa-c030-49c6-b308-c6621c21b1b6,nour.mahmoud119outlook.com,Nour Mahmoud,01140159589,Egypt,"15 Mohamed Mustafa Hammam Street, Apt 8, Floor 3, Nasr City",,Gharbia,32512,Velocity Egypt Specialized Cables,Business Development,Musician,{},2026-05-26 00:00:00,,76a67116-4c03-4f8f-8a3a-6637dcecb207,itc_crm,it_cust_1336,,malformed email
bc8d9b00-8e10-4b67-9b34-7240e40a01d4,mona.kamel809@gmail.com,Mona Kamel,01102327685,Egypt,"5 Autostrad Road, New Cairo",Faraskur,Damietta,34630,Fath Allah El-Karim Group,Sales,Operational investment banker,{},2026-05-20 00:00:00,,108b37a8-c0f9-4c3f-86a8-a349f4842569,dummyjson,dj_user_305,,duplicate email: mona.kamel809@gmail.com
aff0104d-6883-4981-9279-d9941210c686,mariam.nassar754@egypt.gov.eg,Mariam Nassar,01175923035,Egypt,"Km 28, Cairo-Alexandria Desert Road, Abu Rawash",Port Fouad,Port Said,42723,ICC Low-Current Systems,Training,Building services engineer,{},2026-06-02 00:00:00,,108b37a8-c0f9-4c3f-86a8-a349f4842569,northwind,no_cust_1583,,duplicate email: mariam.nassar754@egypt.gov.eg
4f8a1e9d-3462-4a5b-9b06-5bf07d232a2a,ahmed.nassar518@gmail.com,Ahmed Nassar,01266384717,Egypt,"Km 7A, Third Industrial Zone, 10th of Ramadan",Maadi,Cairo,11843,Al-Gharib El-Dreeny Sons Group,Marketing,Archaeologist,{},2026-05-24 00:00:00,,108b37a8-c0f9-4c3f-86a8-a349f4842569,dummyjson,dj_user_550,,duplicate email: ahmed.nassar518@gmail.com
7fb5a94b-0efd-49ca-9d44-fa204909cfea,aya.abdelrahman451@gmail.com,Aya Abdelrahman,01279746699,Egypt,"93 Ahmed Orabi Street, Mohandessin",Qena,Qena,11665,Al-Baron Corporate Gifts,Engineering,Electrical engineer,{},2026-05-30 00:00:00,,108b37a8-c0f9-4c3f-86a8-a349f4842569,dummyjson,dj_user_838,,duplicate email: aya.abdelrahman451@gmail.com
4eacaaa1-7697-4b44-bec7-419d004e3d06,khaled.fathy875@yahoo.com,Khaled Fathy,01218645969,Egypt,"88 Gesr El-Manawat Street, El-Hawamdia",Zamalek,Cairo,18511,Al-Waliy Contracting Group,Legal,Press photographer,{},2026-06-06 00:00:00,,108b37a8-c0f9-4c3f-86a8-a349f4842569,northwind,no_cust_987,,duplicate email: khaled.fathy875@yahoo.com
6e1eb230-5f48-4126-a9d2-0321e6f9be15,nader.mansour331@northwind.local,Nader Mansour,01269255299,Egypt,"40 El-Thawra Street, Floor 6, Dokki",Damietta,Damietta,34630,Maljiramical Import-Export & Scales,Legal,"Journalist, magazine",{},2026-05-27 00:00:00,,76a67116-4c03-4f8f-8a3a-6637dcecb207,itc_crm,it_cust_361,,duplicate email: nader.mansour331@northwind.local
a65582e1-b9f8-4fac-9891-24fddf0732ab,tarek.mansour957@yahoo.com,Tarek Mansour,01064948103,Egypt,"9 Ahmed Mohram Street, Raml Station",Akhmim,Sohag,82739,Techno Build Software Solutions,Engineering,Data scientist,{},2026-05-30 00:00:00,,108b37a8-c0f9-4c3f-86a8-a349f4842569,dummyjson,dj_user_998,,duplicate email: tarek.mansour957@yahoo.com
49e1d83a-2a0d-4ad3-ae48-322b42547b76,nader.farouk184@egypt.gov.eg,Nader Farouk,01034534605,Egypt,"54 Ahmed Fakhri Street, Nasr City",Faiyum,Faiyum,63613,Egyptian Abroad Real Estate Group,Legal,Air cabin crew,{},2026-06-01 00:00:00,,76a67116-4c03-4f8f-8a3a-6637dcecb207,itc_crm,it_cust_1018,,duplicate email: nader.farouk184@egypt.gov.eg
c4324aac-b91d-4524-b76d-6b1242f8d758,alaa.rashad648@northwind.local,Alaa Rashad,01535389691,Egypt,"202 Ahmed Shawky Street, Bulkly",Ismailia,Ismailia,41532,Al-Noqaity El-Attar Spices Group,Marketing,Information systems manager,{},2026-05-28 00:00:00,,108b37a8-c0f9-4c3f-86a8-a349f4842569,northwind,no_cust_819,,duplicate email: alaa.rashad648@northwind.local
74201be0-cc98-4f68-b97b-0c893555c9d7,khaled.abdelrahman575@company.com.eg,Khaled Abdelrahman,01140896800,Egypt,"254 Sika El-Wayli Street, Hadayek El-Qobba",Sadat City,Monufia,32515,Nooran Real Estate Group,Engineering,"Education officer, community",{},2026-05-31 00:00:00,,76a67116-4c03-4f8f-8a3a-6637dcecb207,itc_crm,it_cust_427,,duplicate email: khaled.abdelrahman575@company.com.eg
aeac5eca-cc07-46c1-969c-c4189c5b0119,eman.gamal124@company.com.eg,Eman Gamal,01095487047,Egypt,"35 Salah Salem Road, Floor 24",Dokki,Giza,11693,,Accounting,Sr. Owner,{},2026-05-21 00:00:00,,108b37a8-c0f9-4c3f-86a8-a349f4842569,dummyjson,dj_user_890,,duplicate email: eman.gamal124@company.com.eg
db11dcd6-ad63-460e-8128-d0310d18dfd8,youssef.mansour794@company.com.eg,Youssef Mansour,01546178028,Egypt,"Km 7A, Third Industrial Zone, 10th of Ramadan",Luxor,Qena,85849,Saco Corporate Gifts,Support,Environmental manager,{},2026-06-01 00:00:00,,108b37a8-c0f9-4c3f-86a8-a349f4842569,dummyjson,dj_user_82,,duplicate email: youssef.mansour794@company.com.eg
1fe13ec4-8f73-4c16-b0d0-a4cc9831be8a,mostafa.nassar195@yahoo.com,Mostafa Nassar,01546871119,Egypt,"90 El-Tahrir Street, Sareydar Tower, Dokki",Zagazig,Sharqia,44638,International Office for Company Formation,Marketing,Quality Assurance Engineer,{},2026-05-30 00:00:00,,108b37a8-c0f9-4c3f-86a8-a349f4842569,dummyjson,dj_user_1587,,duplicate email: mostafa.nassar195@yahoo.com
d7655a21-93e2-4c5b-85ea-1aaf8af23edf,alaa.ibrahim847@hotmail.com,Alaa Ibrahim,01289961997,Egypt,"88 Gesr El-Manawat Street, El-Hawamdia",Zefta,Gharbia,32521,Jino Tools Egypt - Marine & Petroleum,Marketing,"Journalist, newspaper",{},2026-06-04 00:00:00,,76a67116-4c03-4f8f-8a3a-6637dcecb207,itc_crm,it_cust_1537,,duplicate email: alaa.ibrahim847@hotmail.com
f932a663-ceed-4b91-816c-762ef3b4cb6b,ahmed.rashad120@outlook.com,Ahmed Rashad,01272548294,Egypt,"90 El-Tahrir Street, Sareydar Tower, Dokki",Rosetta,Beheira,22719,Al-Waliy Contracting Group,Engineering,Estate agent,{},2026-06-03 00:00:00,,76a67116-4c03-4f8f-8a3a-6637dcecb207,itc_crm,it_cust_72,,duplicate email: ahmed.rashad120@outlook.com
80f209d5-ab3d-4b64-9266-4caff3672207,khaled.el-sayed993@company.com.eg,Khaled El-Sayed,01020656170,Egypt,"54 Ahmed Fakhri Street, Nasr City",Dahab,South Sinai,46887,Fath Allah El-Karim Group,Marketing,Marine scientist,{},2026-05-29 00:00:00,,76a67116-4c03-4f8f-8a3a-6637dcecb207,itc_crm,it_cust_1252,,duplicate email: khaled.el-sayed993@company.com.eg
7f6e7118-4d2b-4245-adb2-e618a81024fc,hoda.fathy321@company.com.eg,Hoda Fathy,01281093850,Egypt,"3 Road 9, Maadi",Al-Arish,North Sinai,45212,Al-Faisal Al-Mahmoud Real Estate,Services,Telecommunications researcher,{},2026-06-09 00:00:00,,76a67116-4c03-4f8f-8a3a-6637dcecb207,itc_crm,it_cust_208,,duplicate email: hoda.fathy321@company.com.eg
8a7d950a-a652-4bf7-9ae1-eecdcca47fc8,nour.farouk637@outlook.com,Nour Farouk,01064885242,Egypt,"Lot IB, B1 Industrial Zone, 10th of Ramadan",Asyut,Asyut,71633,Al-Handawil Food Processing Group,Services,Graphic designer,{},2026-05-31 00:00:00,,108b37a8-c0f9-4c3f-86a8-a349f4842569,northwind,no_cust_494,,duplicate email: nour.farouk637@outlook.com
c47e6d85-048d-4552-8f0a-7d8bf9504214,eman.nassar210@company.com.eg,Eman Nassar,01244064056,Egypt,"19 Youssef El-Gendy Street, Bab El-Louk",El-Alamein,Matruh,11848,El-Madina Feed & Grain Factory,Sales,Data processing manager,{},2026-05-25 00:00:00,,76a67116-4c03-4f8f-8a3a-6637dcecb207,itc_crm,it_cust_1416,,duplicate email: eman.nassar210@company.com.eg
706e4b63-d642-42c5-9f1c-24a89fb343b2,mostafa.gamal818@hotmail.com,Mostafa Gamal,01147186353,Egypt,"93 Ahmed Orabi Street, Mohandessin",Asyut,Asyut,71747,Al-Gharib El-Dreeny Sons Group,Marketing,Holiday representative,{},2026-05-26 00:00:00,,108b37a8-c0f9-4c3f-86a8-a349f4842569,dummyjson,dj_user_126,,duplicate email: mostafa.gamal818@hotmail.com
41d3c239-0f95-4b15-aa25-e08a6f36fe7a,mariam.mahmoud421@hotmail.com,Mariam Mahmoud,01540041124,Egypt,"9 26th July Street, Mohandessin",Faiyum,Faiyum,63513,Quba Investment Group,Business Development,Paramedic,{},2026-05-28 00:00:00,,76a67116-4c03-4f8f-8a3a-6637dcecb207,itc_crm,it_cust_465,,duplicate email: mariam.mahmoud421@hotmail.com
dd39b7a5-c70c-4bdd-ba99-e36e211f5eff,hala.kamel426@hotmail.com,Hala Kamel,01526321867,Egypt,"165 Gesr El-Suez Street, Heliopolis",Al-Arish,North Sinai,45553,Jowhara Holding Group - Printing,Support,Air broker,{},2026-05-23 00:00:00,,76a67116-4c03-4f8f-8a3a-6637dcecb207,itc_crm,it_cust_967,,duplicate email: hala.kamel426@hotmail.com
f747f7fe-4f88-408c-afd6-59003ea9134a,youssef.mansour310@company.com.eg,Youssef Mansour,01277994516,Egypt,"18B City of Merchants, El-Moqattam",Beni Suef,Beni Suef,62511,Al-Timsal Cranes Group,Research and Development,Sales Manager,{},2026-06-04 00:00:00,,108b37a8-c0f9-4c3f-86a8-a349f4842569,dummyjson,dj_user_559,,duplicate email: youssef.mansour310@company.com.eg
12da5da4-3255-4008-b223-1963c82526d9,ehab.mahmoud122@outlook.com,Ehab Mahmoud,01184513757,Egypt,"87 El-Hagaz Street, Heliopolis",Faiyum,Faiyum,63519,Touch Group Services,Human Resources,Contracting civil engineer,{},2026-05-21 00:00:00,,76a67116-4c03-4f8f-8a3a-6637dcecb207,itc_crm,it_cust_1187,,duplicate email: ehab.mahmoud122@outlook.com
b335fd4e-e65e-45a3-b57b-9a81bfe54541,ahmed.mansour811@hotmail.com,Ahmed Mansour,01010700106,Egypt,"358 Gamal Abd El-Nasser Street, Miami",Kawm Umbu,Aswan,81511,Paris Oasis Natural Water - Ministry of Petroleum,Marketing,"Education officer, museum",{},2026-05-27 00:00:00,,108b37a8-c0f9-4c3f-86a8-a349f4842569,northwind,no_cust_1610,,duplicate email: ahmed.mansour811@hotmail.com
76890fe3-7137-4c00-816e-fafc492416fd,ehab.yassin354@yahoo.com,Ehab Yassin,01057774207,Egypt,"93 Ahmed Orabi Street, Mohandessin",Damietta,Damietta,34697,Elecom Telecom & Electronic Security,Support,Acting Owner,{},2026-05-31 00:00:00,,76a67116-4c03-4f8f-8a3a-6637dcecb207,itc_crm,it_cust_1200,,duplicate email: ehab.yassin354@yahoo.com
cf1ea07d-21a4-4c27-9814-5c86bfb2d56d,youssef.mostafa314@yahoo.com,Youssef Mostafa,01294463153,Egypt,"145 Joahara El-Ahram Tower, Floor 1",Zefta,Gharbia,32511,Golden Technology - Avaya,Support,Museum/gallery conservator,{},2026-05-20 00:00:00,,108b37a8-c0f9-4c3f-86a8-a349f4842569,dummyjson,dj_user_121,,duplicate email: youssef.mostafa314@yahoo.com
9869891d-2f8b-49aa-9738-451e391e5440,omar.nassar141@outlook.com,Omar Nassar,01050255953,Egypt,"24A Ain Shams Street, Victory Square, Ain Shams",Alexandria,Alexandria,21523,Arabian Investment Real Estate Group,Marketing,Actuary,{},2026-05-20 00:00:00,,76a67116-4c03-4f8f-8a3a-6637dcecb207,itc_crm,it_cust_2,,duplicate email: omar.nassar141@outlook.com
241253a2-46c6-428a-9de9-16c19d8f6dff,eman.rashad92@hotmail.com,Eman Rashad,01228464090,Egypt,"19 Youssef El-Gendy Street, Bab El-Louk",Al-Kharijah,New Valley,72724,Egypt Middle East Trading,Business Development,Horticultural consultant,{},2026-06-08 00:00:00,,76a67116-4c03-4f8f-8a3a-6637dcecb207,itc_crm,it_cust_381,,duplicate email: eman.rashad92@hotmail.com
33d2cb56-f0bb-4ade-a912-5a087e96eab1,sami.fathy492@yahoo.com,Sami Fathy,,Egypt,"13 Km, Cairo-Alexandria Agricultural Road, Meet Halfa, Qalyub",Faraskur,Damietta,34630,El-Madina Feed & Grain Factory,Marketing,Developer,{},2026-05-21 00:00:00,,108b37a8-c0f9-4c3f-86a8-a349f4842569,northwind,no_cust_874,,duplicate email: sami.fathy492@yahoo.com
46c7f80b-7838-487a-b836-102821d4bf41,rania.nassar103@outlook.com,Rania Nassar,01144885031,Egypt,"172 Maarouf El-Rasafi Street, Kafr Abdu",Sadat City,Monufia,32636,Abdullah Al-Shiraiy Decorative Glass Group,Human Resources,"Designer, ceramics/pottery",{},2026-05-27 00:00:00,,108b37a8-c0f9-4c3f-86a8-a349f4842569,northwind,no_cust_469,,duplicate email: rania.nassar103@outlook.com
285978e4-8321-4f9d-a0b3-9c3f6b5c911c,ehab.gamal693@yahoo.com,Ehab Gamal,01124793609,Egypt,"358 Gamal Abd El-Nasser Street, Miami",Minya,Minya,61511,Samco Commercial Investment Group,Marketing,Intelligence analyst,{},2026-06-01 00:00:00,,76a67116-4c03-4f8f-8a3a-6637dcecb207,itc_crm,it_cust_429,,duplicate email: ehab.gamal693@yahoo.com
46694108-5b9e-4336-baea-abefcc119d67,youssef.farouk608@northwind.local,Youssef Farouk,01030225217,Egypt,"15 Mohamed Mustafa Hammam Street, Apt 8, Floor 3, Nasr City",Beni Suef,Beni Suef,62511,Badawi Industrial & Commercial Group,Accounting,Armed forces operational officer,{},2026-05-24 00:00:00,,76a67116-4c03-4f8f-8a3a-6637dcecb207,itc_crm,it_cust_953,,duplicate email: youssef.farouk608@northwind.local
0021276b-107c-4be9-a53b-6ed47d108724,mohamed.fathy910@company.com.eg,Mohamed Fathy,01278254474,Egypt,"5 Autostrad Road, New Cairo",Luxor,Qena,85881,Velocity Egypt Specialized Cables,Training,Product manager,{},2026-06-08 00:00:00,,108b37a8-c0f9-4c3f-86a8-a349f4842569,northwind,no_cust_1325,,duplicate email: mohamed.fathy910@company.com.eg
de12a24a-df95-49eb-ac69-3752971da2ae,hany.mostafa554@yahoo.com,Hany Mostafa,01015811332,Egypt,"35 Salah Salem Road, Floor 24",Rosetta,Beheira,22517,Golden Technology - Avaya,Legal,Radio producer,{},2026-06-06 00:00:00,,108b37a8-c0f9-4c3f-86a8-a349f4842569,northwind,no_cust_286,,duplicate email: hany.mostafa554@yahoo.com
39aa195c-c7c6-4df5-bdd7-13fc3ed7819c,omar.rashad387@egypt.gov.eg,Omar Rashad,,Egypt,"9 Ahmed Mohram Street, Raml Station",Faiyum,Faiyum,63514,Salem Mantawi Import & Supplies Group,Legal,Biomedical scientist,{},2026-05-30 00:00:00,,108b37a8-c0f9-4c3f-86a8-a349f4842569,northwind,no_cust_1539,,duplicate email: omar.rashad387@egypt.gov.eg
b6423bad-ae1a-4d35-9d57-c378349cb24c,hoda.mostafa723@outlook.com,Hoda Mostafa,01232062577,Egypt,"326 Gamal Abd El-Nasser Street, Miami",Suez,Suez,11639,Paris Oasis Natural Water - Ministry of Petroleum,Services,Sr. Technical Support Engineer,{},2026-06-08 00:00:00,,108b37a8-c0f9-4c3f-86a8-a349f4842569,northwind,no_cust_1522,,duplicate email: hoda.mostafa723@outlook.com
7afa06be-b961-46d2-befd-c9d7a633b466,sami.fathy673@company.com.eg,Sami Fathy,01198708656,Egypt,"93 Ahmed Orabi Street, Mohandessin",Aswan,Aswan,81162,Al-Noqaity El-Attar Spices Group,Legal,Medical illustrator,{},2026-06-03 00:00:00,,76a67116-4c03-4f8f-8a3a-6637dcecb207,itc_crm,it_cust_351,,duplicate email: sami.fathy673@company.com.eg
75736fba-ba52-4db7-abf2-3c6609f8a297,hany.kamel879@company.com.eg,Hany Kamel,01241260290,Egypt,"53 Faroqiya Apartments, Apt 20, Gesr El-Suez",Al-Kharijah,New Valley,72511,Paris Oasis Natural Water - Ministry of Petroleum,Accounting,"Horticulturist, commercial",{},2026-06-08 00:00:00,,108b37a8-c0f9-4c3f-86a8-a349f4842569,northwind,no_cust_753,,duplicate email: hany.kamel879@company.com.eg
a6a54099-2e0e-4a04-ae6e-1562fd967ecf,hany.mansour549@yahoo.com,Hany Mansour,01293128987,Egypt,"36 Saad Zaghloul & El-Rayes Street, El-Matariya",Damietta,Damietta,34502,Salem Mantawi Import & Supplies Group,Marketing,Metallurgist,{},2026-05-23 00:00:00,,108b37a8-c0f9-4c3f-86a8-a349f4842569,northwind,no_cust_690,,duplicate email: hany.mansour549@yahoo.com
6eb91240-1200-4acf-b3c7-69adb739bfdd,sami.saad873@gmail.com,Sami Saad,01554683716,Egypt,"380 Johara El-Maadi Towers, Nile Corniche, Floor 29",Talkha,Dakahlia,34630,Al-Lou'lou'a Glass Group,Legal,Fish farm manager,{},2026-06-02 00:00:00,,108b37a8-c0f9-4c3f-86a8-a349f4842569,dummyjson,dj_user_74,,duplicate email: sami.saad873@gmail.com
24e2db8a-f0cf-40ad-9628-ea3f3ffe108e,mahmoud.abdelrahman484@outlook.com,Mahmoud Abdelrahman,01113198829,Egypt,"576 El-Horriya Road, Floor 1, Gleem",Suez,Suez,,Creative Information Technology,Sales,Farm manager,{},2026-06-08 00:00:00,,108b37a8-c0f9-4c3f-86a8-a349f4842569,dummyjson,dj_user_1380,,duplicate email: mahmoud.abdelrahman484@outlook.com
3ad3b783-d900-4a95-a83b-1d3890166748,salma.saad291@gmail.com,Salma Saad,01551787714,Egypt,"29 Martyrs College Apartments, Nasr City",Ismailia,Ismailia,41944,Badawi Industrial & Commercial Group,Business Development,"Investment banker, operational",{},2026-06-09 00:00:00,,108b37a8-c0f9-4c3f-86a8-a349f4842569,northwind,no_cust_528,,duplicate email: salma.saad291@gmail.com
3c06e9c7-e786-4e93-8b9b-4d8619260a62,youssef.yassin595@outlook.com,Youssef Yassin,01146830937,Egypt,"6 El-Fawakeh Street, Mohandessin",Damanhur,Beheira,22516,Tourism Companies & Agencies Chamber,Sales,Comptroller,{},2026-05-29 00:00:00,,108b37a8-c0f9-4c3f-86a8-a349f4842569,northwind,no_cust_1369,,duplicate email: youssef.yassin595@outlook.com
336121aa-d5c1-4ea5-ab83-3eea2c116a7b,hoda.gamal576@hotmail.com,Hoda Gamal,01147629114,Egypt,"355 Ramses Street, Abbasiya",Ismailia,Ismailia,41990,Jowhara Holding Group - Printing,Product Management,Gaffer,{},2026-05-28 00:00:00,,108b37a8-c0f9-4c3f-86a8-a349f4842569,northwind,no_cust_448,,duplicate email: hoda.gamal576@hotmail.com
c13f2e11-e2ac-4f9e-8d5d-45477d23425d,amr.abdelrahman191@outlook.com,Amr Abdelrahman,01517554045,Egypt,"6 Mosque of Rahman Street, Gesr El-Suez",Zamalek,Cairo,11826,Al-Waliy Contracting Group,Marketing,Copy,{},2026-06-07 00:00:00,,108b37a8-c0f9-4c3f-86a8-a349f4842569,northwind,no_cust_477,,duplicate email: amr.abdelrahman191@outlook.com
a055794c-b395-494a-b9df-1140eb861907,eman.tawfik358@company.com.eg,Eman Tawfik,01043629693,Egypt,"47 Nabil El-Waqad Street, Ard El-Golf, Heliopolis",El-Alamein,,11581,Nooran Real Estate Group,Marketing,Chief Strategy Officer,{},2026-05-31 00:00:00,,76a67116-4c03-4f8f-8a3a-6637dcecb207,itc_crm,it_cust_425,,duplicate email: eman.tawfik358@company.com.eg
